date,text
2024-01-01,Government announces new economic policy to boost GDP growth and employment
2024-01-01,Stock markets rally as investors react positively to economic announcements
2024-01-01,Finance minister outlines budget plans for infrastructure development
2024-01-02,Economy shows strong growth indicators in latest quarterly report
2024-01-02,New trade agreements signed to strengthen international economic ties
2024-02-01,Scientists discover breakthrough in cancer treatment using gene therapy
2024-02-01,Medical researchers publish findings on new vaccine efficacy trials
2024-02-01,Health ministry approves new drug for rare genetic disorders
2024-02-02,Hospital systems adopt AI tools for early disease detection
2024-02-02,Global health summit discusses pandemic preparedness strategies
2024-03-01,Climate summit reaches agreement on carbon emission reduction targets
2024-03-01,Renewable energy investments hit record high as solar adoption grows
2024-03-01,Environmental groups push for stricter regulations on industrial pollution
2024-03-02,New electric vehicle policies announced to reduce fossil fuel dependency
2024-03-02,Ocean temperature records broken raising concerns about climate change
